{
  "steer": {
    "axis": 0,
    "rest": -0.035308837890625,
    "full": -1.0
  },
  "throttle": {
    "axis": 5,
    "rest": -1.0,
    "full": 0.999969482421875
  },
  "brake": {
    "axis": 4,
    "rest": -1.0,
    "full": 0.999969482421875
  },
  "gear_up": 9,
  "gear_down": 10
}